{
  "input_features": [
    19.55,
    28.77,
    133.6,
    1207.0,
    0.0926,
    0.2063,
    0.1784,
    0.1144,
    0.1893,
    0.06232,
    0.8426,
    1.199,
    7.158,
    106.4,
    0.006356,
    0.04765,
    0.03863,
    0.01519,
    0.01936,
    0.005252,
    25.05,
    36.27,
    178.6,
    1926.0,
    0.1281,
    0.5329,
    0.4251,
    0.1941,
    0.2818,
    0.1005
  ],
  "label": 0,
  "class_name": "Malignant (M)",
  "probability_benign": 0.010764,
  "probability_malignant": 0.989236,
  "confidence": 0.989236,
  "threshold": 0.5
}