{
  "input_features": [
    11.13,
    16.62,
    70.47,
    381.1,
    0.08151,
    0.03834,
    0.01369,
    0.0137,
    0.1511,
    0.06148,
    0.1415,
    0.9671,
    0.968,
    9.704,
    0.005883,
    0.006263,
    0.009398,
    0.006189,
    0.02009,
    0.002377,
    11.68,
    20.29,
    74.35,
    421.1,
    0.103,
    0.06219,
    0.0458,
    0.04044,
    0.2383,
    0.07083
  ],
  "label": 1,
  "class_name": "Benign (B)",
  "probability_benign": 0.999924,
  "probability_malignant": 7.6e-05,
  "confidence": 0.999924,
  "threshold": 0.5
}